f1,f2
0.5747274184844642,0.7872774512493745
0.2515016863277814,0.9089395189819713
1.8605784601444368,0.013762931536274104
0.0194772552726582,1.0472102312685716
0.029794008125511362,0.2522356988897027
1.0147582308914322,0.3514539088765286
-1.0260258318425581,0.8957904388144087
0.33249160323269766,0.7046369658675027
-1.0379803597385608,0.7048400601564878
2.043465186270936,0.34927319414635166
0.9639755739184792,0.29818406643875894
0.9630107304579936,-0.49542711814097234
0.4345259892135578,-0.3810639057444157
-0.38805082343179126,0.7287870124860772
1.8721644040817649,-0.017115414268396426
-0.21511673096511427,0.7937498978506905
1.0699627275561965,-0.669319165554015
0.18535015573447788,1.165953427838849
0.2772249870500485,-0.003382183766860586
0.8710224201242025,-0.43864176563293505
1.169540639849456,0.0010790750550779826
0.6859911037336625,0.4583417464590222
-1.2027514674158806,0.09651148673560354
2.2457104262096177,0.09970033787038929
1.0196208647841194,0.3542237081703641
1.926211920949041,0.09181972091557686
-0.928054665755755,0.13583058013103144
-0.035733175022338456,1.2532733677569718
-0.6673073869309138,0.2314985320295204
1.762390881766678,-0.08798958902378755
-1.1558021360647106,0.005053010279213621
-1.0440666289631084,0.2595990833085766
1.0755443835687695,0.4526558188228481
-0.8908181411729125,0.22006877826492627
-0.008871781636638593,0.07912544708179903
1.0912655773824547,-0.46178575172601616
0.20160384421316307,0.4992599060295697
1.0437833147729363,0.22307063013161604
0.49115965884251994,1.1123266309243234
0.8894340161989804,0.21393386945378937
-0.2483445776291736,0.5698303411769339
-0.1186947645415023,-0.035017194579551214
0.17306941382589847,0.2550983432386966
1.3172977740429348,0.1339951470237901
0.19685928678169817,0.4992143064878567
1.6770059155617856,-0.22740278405102754
-0.7088978643465471,0.45729100900849784
0.7591599889400032,-0.46249224733528366
-0.6916803088885138,0.5181251370471421
1.1259428535867724,-0.52535286845402
0.04672957512997317,0.6076231219637768
1.3181282047225935,-0.010135909342525062
0.2853022288744378,0.6085001855016827
0.9733232966697033,-0.28271294078101616
0.5035574636364348,0.8461893355419401
1.8052272595656695,0.4615203452173611
0.6457211108427652,-0.4747397808231765
1.1328537121331628,0.26580432193162196
0.45895960294953825,0.9906594477500139
0.35593047063237326,0.9846008678694828
1.2517976545519038,-0.5744372080038742
0.811192880580995,0.6930896938111579
0.17721309823473114,0.6942925651285963
-0.6031560432320979,0.8661794216676136
-0.7298347711366047,0.756000449967578
1.2852493723692557,-0.47354843877036135
1.7727222232656266,-0.007061216851098756
1.5628434280406374,-0.5012824831611724
0.7293169666629631,-0.4431504391914283
-1.0983656952573961,0.15385952371232736
-0.045573246773916276,0.755875422705632
-0.06346092578736547,1.0019342706067407
0.9486668776975148,-0.5312638253972966
-0.8580958218082023,0.6149562723267765
0.9683411311497494,-0.6033953211334285
-0.29155075891242077,1.1399356359858752
1.6873939863906038,0.21224980833377996
0.700236760941854,-0.5927391857779223
0.13174131426786195,-0.1523402100234474
0.5173103741608944,0.12332917497738147
-0.1686676595484232,1.022492493565206
0.1585279793530516,-0.4259027656535216
0.3117705274271281,-0.7175493680174926
0.858598789434625,-0.28585904147316765
-0.07022314694159065,0.27402588604393724
-0.15541331511562234,0.8153272957698138
-0.7657675026850537,1.0272962987133278
1.9531977295538565,0.30627955081593716
0.6440715079182573,0.4227645845438263
-0.09763176538747018,1.2459072776467837
0.5046983248714294,0.8206115059197712
-0.19200056023923306,1.0280355333937223
-0.11087866444358035,1.125764975632888
1.1539813390099531,-0.9433721680826745
-0.4190957468962564,0.7441870733054738
2.2303835575233597,-0.05658457662057925
1.8090524499379432,0.04367155805221179
0.00238925398792339,0.04610466785879998
0.27477949386801725,-0.24134758254488084
1.8744532637805191,0.121115780324869
0.547594045153415,1.0099810469214276
0.46394460228606527,-0.641429525380073
-0.422904960355938,0.7159389312549744
-0.06934189786936612,-0.12599711332792618
0.9337228829630819,0.15606694018404027
0.3886063203506754,-0.23070735192776493
1.7803280775706245,-0.6356627537008044
0.607699505725805,-0.5271875453635914
-0.5603889037085256,1.1168554450601
2.2978470650042353,0.2370891331054259
0.41620890679359207,0.9035368511903279
-0.7523275896774203,0.005109695304559514
0.6502885613403342,0.8668358868428377
-0.0701751862588236,0.4135112392053497
-0.03427151468183595,-0.04282026649273549
1.6267780222294739,0.129951581778544
1.9036639519905139,-0.05964564309424092
0.9695455822375766,-0.24855729818762706
-0.3102390538039204,0.8965750070878213
0.47573051330409705,0.734704730815105
0.867755146747821,0.22044054296612375
-0.18929106707051588,1.1102017118230294
2.3072690398130353,0.28577413192714796
0.454906562786361,0.9897516829692665
1.2575395610097657,0.5978294976597991
0.16815295356579218,1.0998705056406701
-0.06415107185885681,0.012723957305454947
0.46196005945736757,0.005875978729371886
0.9623380272478795,-0.9089754319650692
-0.6051766377096283,0.4516542602475119
1.3009959817259724,-0.7853493267450388
2.021274454705359,0.5893603340528457
-0.6537642617511983,1.1667292399515132
0.27063227783833904,0.7076359242482255
-0.4087179422771372,1.3277930735204868
1.1100712254030556,-0.0024829358817731184
1.1948320131426031,-0.3557185243813904
-0.08543165112111692,1.1873295514705235
0.18273042754337038,0.9258235856776117
-0.4168830080706711,0.9598830906194251
2.226216450743935,0.0806116670439892
1.0193962379748656,0.1119210306022515
0.7767501430231406,0.21102776983046423
0.12022368154457742,0.20283103618538245
0.8796479470705765,0.29383129194722113
1.3299416163732076,-0.3070702998767908
0.17032554250307036,-0.03962869757539242
-0.9386982463316123,0.9188073203258766
1.229767011636634,0.05601607469913017
0.317212132979262,-0.1595069871575405
0.19052119684620897,1.2919722287233137
1.5693797560179363,-0.2559533464378376
-0.5621082268987218,0.9518298645676465
0.22385929479272867,0.946531480127649
1.3227193303790292,-0.23392649454151582
1.186043781856905,-0.3226780221344415
-0.9317876752006236,-0.016256644916990026
0.03916495573098802,1.1870444825678301
0.6353311164328566,0.6033195849522981
-0.02815143989210077,1.0044851398139563
-0.07286358629828137,0.36568778092592075
0.5345749851902848,0.22275029779627237
1.3022344432204889,-0.6338896887977827
0.8008286524421129,0.5210768462488546
-0.5803011499746669,0.816534620346078
0.35808565224352384,0.27793532390868514
-1.158408212903709,0.5147175346822628
1.4649060239836116,-0.4541765690597874
0.109772483017677,0.20384485886868328
-0.2620358173773388,0.37225633719833545
0.9899262752190032,-0.04153352444942854
0.34209798845320566,-0.5002402975407423
0.5156831746721436,1.0301998092817315
1.9667096845919798,0.07137713034394022
-0.2024487674934626,0.8416411233029791
-0.009694755210258976,-0.3351913614899058
-0.9879280316174608,-0.12760405982045198
1.0108623005261368,-0.5906928774860454
0.2806441893239517,0.4852039091561909
-1.1154633489056194,0.3071307974075415
1.6365066134385173,-0.27861539638024796
0.7837896440080425,-0.7522864114199863
1.3802209779289782,-0.28276463974905247
0.40351920102512123,1.1835454469774913
0.4737801043454081,0.6142494294305374
1.8289052315242877,0.01473872189084846
0.011100635839151819,0.4156781536865817
0.29137834361281717,1.1754764370709159
-0.6844646510886129,0.9722497341664235
-0.03592607509528231,0.32420672599579015
-0.13697636362017002,0.34292917247337124
1.7396312626611854,-0.12890169001521812
0.6495255052930644,-0.2895730365359747
0.1941928958183182,0.02354617211487947
0.4933073605190065,-0.48542725178350365
-0.06433749529533694,0.7106043593583355
-0.9133895441892971,0.48823058772871025
2.0088643736762193,-0.37415876605736287
0.945982635356438,-0.5063787218386758
1.1270978455620313,-0.45687739226441176
0.14365784865350756,0.07622634612221121
0.41465895009089293,0.7351686836685715
-0.9967087313195562,0.1627074587379918
0.6400355946027629,0.526768518798082
1.094263172666751,0.04220571446287796
0.12335340485681709,0.3135504497571479
1.0834049078616546,-0.42777838866808204
0.8479868133564383,-0.8213884932568489
0.48914618606638727,-0.2910973984910248
0.9203096865692194,0.20320176754167896
1.773863029311325,-0.3306946361298054
-1.0284342136242195,-0.18990680809859078
0.29355491625589925,0.3280942588466019
-0.3955182301026246,0.7989848206694833
0.23569380666366052,0.1231625184562814
-0.4529366986531202,0.7475308055874539
-0.5000616105827338,0.36240201043131526
1.5937847184954148,-0.3777566682411351
0.9035041089126205,0.7276676236619327
0.3215612454005684,0.7546450425382465
1.4605397811298415,-0.08452837126453558
0.33179698489811393,-0.1358452549180297
-0.6769706893058434,0.9450361700718835
-1.1624944523768124,0.6184380967421239
1.819008194516679,0.0002565034628858598
2.1259319009904476,0.3599183851142893
1.5631958125448455,-0.13716445709807334
-0.000688319998666872,0.42097692568031847
1.8236304803733168,0.05837008382840253
1.8429382785045365,0.17462977778610564
-0.20258983114224605,0.0605248794438038
0.9669724000839653,0.6944008478557244
0.9057485798424671,-0.3986153680834694
-0.615617893910343,0.7694919959187358
0.9450646486769761,0.45381774178395745
-0.8094335641497664,0.351137250991451
0.2101084480929463,0.6926084854203245
1.7571232994381947,-0.2679220275590678
-0.9750287885096726,0.0787545193001715
-0.6506547111757658,1.1932659420107443
-0.633593423986258,0.153145164100653
0.2605102642402208,-0.2253725574285565
2.1314460452056663,0.11285501662759401
1.4720143296004564,-0.5424697808425255
-0.518548709831166,0.8985308467120634
0.5487803035658959,-0.3085874193344379
1.0987853025144654,-0.24247973472685522
0.2652738539846944,1.2258019260344413
0.6066655923824215,1.0871581146751765
-0.07164610989600156,0.6449213549604991
-0.9271806366364511,0.4994955838448876
0.15817776612554946,0.7551508257457712
0.6368892832930779,-0.2333160427833097
-0.5743839899070068,0.7254423721553893
1.0718497356534098,0.06908127929868778
0.4047216329779781,1.1633193756240883
1.9623843177461537,-0.5854820647699084
-0.6482838103149415,0.6159273400743897
1.5917000675104136,-0.04246021862358723
-0.8869727565519632,0.37605570328081706
-0.5529541171254266,-0.02404074551338653
0.27482963762921647,1.1600096456484121
-0.7793524828398862,0.34236609127237855
2.0070657946897392,0.10492860419944118
-0.19920769292249263,1.13586092100086
2.1396799863292997,0.08977169787465913
2.2661959468552357,-0.12718114033713923
-0.6193221506947368,0.687918275213658
0.8233151256144204,-0.004208932044403091
-0.7353494803632016,0.7297512737296751
1.1162666058704978,0.7228429139369047
0.8292387329076749,-0.445268676508944
0.9722677725940981,-0.25448220693177925
0.15720137067399695,0.3387516122888835
0.8267929064186956,-0.2837531370753551
-0.030585370083504468,0.28012304043098357
0.5258610663918916,1.234063878146018
1.2936452137204406,0.4195248250582689
0.1246632820829144,0.17942193068007328
1.7601052525581236,-0.09347726854215704
2.0693623371613263,0.7724392956566741
0.7838625918357549,-0.481753676002422
0.4900317024256349,0.9342405077167445
-0.8800068984825195,0.41064953579779695
-1.2497636566237926,0.032483379301728565
-0.3513915754542835,0.8188749964805639
-0.5809201079146995,0.28993382570792825
1.8719250690141953,0.19708860091955122
0.039814995716405385,0.17445695702328717
-0.9190667223498296,-0.13779243653747034
0.5545048527906093,0.934361113290426
0.7851399583604545,-0.558071001720473
0.8154534950758424,0.8011314590357537
0.5207780443691923,0.03346842301488681
-0.4968559685803845,1.1213719860822977
0.39430085379347196,0.8826343044684049
-0.7966586913211636,0.9660913233871312
0.5656500660689021,1.1398261503571616
0.3234286008338171,0.011539751210483808
0.5153687860973233,0.6866205296939388
0.4977827909924604,0.9683658713445179
1.1533573631295428,0.019424945197922053
-0.7897759952961138,0.6838178341561674
2.2009061973422597,0.04703972063436124
0.4856944404667338,0.1724217856537839
-0.22529222880276195,1.0398700119817996
1.5276030259627955,-0.638177116128395
0.9829373207432791,-0.01746731966260734
0.19382736897473293,-0.05308191941919724
-0.934151263046933,-0.2622967597204872
0.6547737207674935,-0.4366259016555082
2.403302982451692,0.9178370151722435
0.7539262827250478,-0.6436400533983736
0.18427038017955893,-0.3822053830048202
1.069093222057722,-0.36252924185246477
-0.548511442824739,0.6460033715242635
1.5761546937720017,-0.24029326262577994
1.8896517365394145,-0.3511314876852417
0.9509532693175464,-0.03055947850457974
-1.1959215636009217,0.33171236825887274
0.10636236094444193,1.2439727479678986
0.38823823252066486,0.7577270157355743
0.15847325159494685,-0.36497219913326406
-0.6976845922048237,0.9991076243960711
0.6828587954137592,0.61306146281724
0.5734776572784577,-0.37927591790012627
-0.708537083303702,-0.1898392717835391
1.1828503237078285,-0.4893884952464581
-0.7234152298212453,0.7792075759901056
-0.49706789694750997,0.7758815038042218
-0.23189261268403222,0.8791308068539364
1.1072446605983177,-0.033451912096651215
0.191555848962655,-0.04082325454097341
0.9355038399148119,0.6146641094341128
0.3518199699429167,-0.061125884042241674
0.0011698532582222476,1.168261443486434
1.10833081547161,-0.40943391768085835
0.737834151287332,-0.5001873509851443
1.380722937264277,-0.4978471796300106
-0.43166300311664996,0.416788057064707
1.4521041012441873,-0.5020495759148708
0.9302595776216751,-0.23584352438356132
0.6556980936653729,0.43024836377463604
1.0538291355394416,-0.5656960943396733
-1.0078757349274092,0.37118175248538443
0.790948050858235,0.6189904978623118
1.0226577972652382,0.7459427457375178
1.3057461839942452,0.19626971111930472
0.5434132523848331,0.8507371730767082
0.623374113841715,-0.5342454945898871
-0.39047299907221417,0.46774327483191963
0.4579454083994497,0.810889781412266
-0.9370815513446069,0.19467167198868202
-0.9971808035730896,0.6412808567161942
0.4705531736385019,0.5977370003558141
0.24251513250588058,0.6756858977126324
1.5609815694643365,-0.10130378477815782
0.22283010933671668,0.7730600352818117
-1.1725795718812175,0.19789264353978936
0.11841259613424274,-0.33361442224694715
0.3988486970914823,-0.31720097809377845
-0.833759567332071,0.5101382996187995
0.1785674767804438,0.8971208062080605
1.0790531466235112,-0.18549492906505594
1.0188092878638153,0.1494609559144335
1.0836170719572453,-0.3112405737148293
0.22982355224171006,-0.02441270795913006
0.1911133412405123,0.344261602182422
2.2498452198569407,0.22723472412991816
0.3719726486423165,-0.139889631224274
0.8817970269979422,-0.33106315110530904
-0.05154008957162856,0.10418109567473074
1.3949902523195692,-0.28156574820446006
-0.26165108601947495,0.8300199584247716
-0.023922505700463226,0.8691562572588668
-0.14654702737929073,1.1707453366816831
0.17918603143108142,-0.3033002226152495
1.5815872330902299,0.11292874329482064
-0.6121903358405196,0.5570969763156104
-1.035524826079397,0.2980497002137475
0.5313389984849444,0.7584875437660916
0.7317845075226908,0.43412312080032633
-0.9345300585921089,0.22156011065575407
-0.5706687801567852,0.8455591644541142
-0.5336266079996871,0.9893853244697772
0.1880654408318183,0.7808799027979201
0.3922223311077821,1.2402279973263584
1.4636507672152208,-0.3310633325454955
1.751410436872753,-0.2150572315726606
-1.1534665872751833,0.3824388566257432
0.21732044006444906,1.2916771495448853
-0.06046349482789994,1.0219715074122968
1.7811081989174422,0.26619849077873875
0.23432893233001134,1.0921617966235198
2.0669832358326863,0.004422559015348881
0.24303864955750054,0.12877644299398905
0.8960055743756449,0.2874520971674032
1.4957467271969977,-0.4092677549406083
-0.7754501520753658,-0.00463912917216
1.217786887939592,-0.603205206554896
0.04937830849457362,0.5593630811565735
0.14931004616348925,1.0405872560585772
1.0685510513234586,-0.6988857676072403
1.0073715899239195,0.24174896020171432
1.114680968630443,-0.5846593755703512
-0.8687526350184412,0.5443591622098534
1.8136873632012784,-0.1725442071101819
0.711890081593251,-0.5376689464655393
0.028972872325530898,0.7244646726737969
0.17978112683730293,-0.04942740835842735
1.0844820772634594,-0.25333614388714004
0.05665132152418963,0.4107899503001494
1.3681292908482223,0.08225059501497872
0.8369097786406182,0.7133972249866591
1.841493173210007,-0.02351812456507743
1.3026276074339933,0.23070034995639016
0.39295960859956797,1.1001862444016068
-0.6845505722528877,0.5741320528534813
0.06620923219591501,0.4672970740110438
1.1230031484684457,-0.6118597359227083
1.6364735051038586,0.14691734294269415
-0.24999480346683498,0.7976429817986352
0.23763258168494272,-0.10969819163627692
-0.36898408604670113,0.8418120285287343
-1.0053884729515576,0.4080970558193663
0.6986925870847067,0.6542244629909377
-0.07920935881310706,0.9064177487676056
1.6800033793223779,0.32641750713887685
0.3909524549583442,-0.6067847110970414
0.020380356665115007,0.15526121802110568
0.4045519843989088,0.6909071499603829
0.9125427060170402,0.4008104162173668
-1.1170678794681208,0.21929453283541908
1.7469318796953888,-0.11429028083591825
0.4587421902096541,1.0147511421329325
1.8152334388104847,0.20534195474863992
0.8461071502850144,0.9978255803677563
1.8257285104943275,0.4531432677343006
0.03628547538229884,0.9698183356112401
1.9453035365538127,-0.3744963337572107
1.8569451519174178,0.2049459607399038
1.5066443550957196,-0.4324701602856369
1.4722828269291428,0.36545961581737285
0.031450792813418726,0.7543012584534156
1.8276571774021817,0.2712960779112923
0.17607678971388413,1.2530521987665175
0.6888206129909376,0.5186301647880335
-0.8211571890598139,0.5303085880906088
-0.9404745064839551,0.2609046612367173
0.6978703928836258,-0.5740772890127974
0.9165209110659819,-0.5249262000253907
0.7657019338294173,0.5564089937740927
1.8806214769649063,-0.1412060385262649
0.8419054597568724,-0.10295969958511036
0.619787935972004,1.05333456979277
0.5091422338580602,-0.23241513785742807
0.28736994089915563,-0.24080397524317007
1.0985250150609582,-0.5920197272048593
1.028320930334786,0.5501192502577279
-0.1870841743517557,0.3105594385627384
0.1936014601105151,0.13171338946403677
0.5921227593224074,0.22593403237405935
-0.9183354416922109,0.6664450267922715
1.2498046912037901,-0.4175871965089096
1.103871489252991,-0.5367525487320525
0.9719902558302207,-0.39201729196795515
1.0070040848280009,-0.5007173415412968
-0.8043007693152923,0.21816224728116052
1.1510822601705086,-0.4519222411989311
0.9347524585721012,-0.3363831860828133
-1.1208083931135076,0.277596173005149
0.7110977135386947,0.879350296473886
0.17756079443258022,0.013951665953465517
1.0767052302916902,0.5387211731949286
1.135223625889356,-0.07065518018703762
0.9354459785014722,1.1233245613800906
0.20990576340309725,0.9409319916491765
-1.1666878808256835,0.16695543870753987
0.28501934418725106,-0.5706444928661772
0.6717138981467473,0.04998874621172278
-0.8251058899380809,0.05226931798177836
1.8272322498454552,-0.11564390563708007
1.9983832403683603,-0.10125884355720902
-0.8095379331654186,0.48469031850110866
0.6516353340061073,0.8174439230575841
0.36459306357256427,-0.551049147447783
0.6599342175710239,-0.503843568997462
0.4464617384172318,-0.3792272565590326
-0.6452379612183007,0.6709140665488985
0.7642112476289987,0.41494926685225875
1.051025631309527,0.5047737684941799
2.060004997195524,0.4400206983024094
1.8170229655463406,-0.26450520691892954
-0.14924333508172377,1.2628306243634089
0.6021779052234643,0.6041230642610139
1.6308731256407731,-0.15576775990797648
-0.4592554106937894,1.3603816029146039
-0.5473929004563143,0.7003077681748953
1.2755715749961045,-0.3997097898041416
0.3078670002869852,0.8005103809726597
1.8382013421727375,0.39491907481944105
1.9834547846803485,-0.3580425297031464
0.029518963104124885,0.9113667801851439
-0.3305821896905302,1.0918815259755594
1.0412283091948236,0.08720692802957214
2.321888054422953,0.4508718731234116
0.04123334305850765,0.7370615869162145
0.45994398814433884,-0.2279670953582864
0.2491453622650282,0.028393566362900413
-1.1302089968884759,0.28924617021898175
0.21415064700239425,1.002903576374024
-0.13622657092623505,0.4204309907491833
0.8259111475595854,-0.6737818205194412
1.7016597450095496,-0.25565482437395687
1.7248058772635837,0.0757724778325014
1.1352914972468415,-0.14715483312243388
1.2343141743974622,-0.5027848693420298
0.6881178160490964,-0.0033173625252910788
2.0070506958320764,0.3348977632668198
1.3821772109572181,-0.7640124465876712
-1.180239825658223,0.16169370993229487
-0.012090976731869457,0.13416559549850146
0.312339025943597,-0.20434060354684083
0.1795151127301857,-0.18714223793336152
0.2080614238575793,-0.46253495288932334
0.20759404720613167,-0.0095430988654307
-0.9062326490768484,0.6536476623257421
-0.9801275262472581,0.2517219816420885
0.3340012171442711,0.9681828536696447
1.0202992770111567,0.7126308106105328
0.932754217314294,-0.6084725848075734
-1.15541068863101,0.4027849003557957
1.8840930803922402,0.13451974904519168
1.1113476060692427,-0.38470952272890047
2.114216860624515,0.18941045635946416
-0.9865398043931963,0.2026732119790336
1.9766328632676031,0.48333668590999423
1.4971530636996073,-0.00904755685670744
-1.0137113561120144,0.36882768008059547
0.7765735739988373,-0.6144269255340439
0.06395646776812094,-0.3381893672708206
1.001985219792937,-0.3753789232040156
0.7455463196315633,0.8120638419176904
2.0283336634974978,-0.17516676791467303
-1.1814855753311655,0.10665811465550691
0.44370785283772296,-0.11064358970765138
0.19672632827500217,0.6544501439200671
0.060501379052822574,0.60562712974486
0.7117549959724705,0.4580143717644511
0.27476802141448653,0.8493451788560169
-0.11916287317716628,0.4061754844890459
0.7460186160142606,0.37873271868228037
1.0567005037559751,0.0019113078752463104
0.8359102724774929,-0.38421228992950884
-0.6602588701932793,0.6733837042416123
-1.0811592270376282,0.3745221851695061
0.7897037676494261,0.047676466549459576
-0.4583924677829487,0.3202437212716714
-0.6507134582199225,0.7073110051900097
1.7784128414927676,0.17472943015062498
2.1903020968295714,0.7695673679310894
0.6294261376254718,0.5711719970958623
-1.081982388678953,0.5586022886635241
0.7630677610439432,1.3466253703571547
0.3314428095033215,1.2118892920043043
-0.3291016750852638,0.7924811494836326
1.1792796294831902,0.5084811723202504
0.6017071646245881,0.9726633358225937
0.8751351865577311,0.9461383698617671
-0.8891367649961973,-0.148516270263845
1.7497937432162785,0.4371608281775923
-0.342361477909523,0.42161602051698877
0.8189708915653457,-0.324211413960138
1.044171998969945,-0.10929295055505474
-0.13304696251332562,0.27718542947351765
-0.5463644324624541,0.7087351936419151
-0.6435488483685319,0.8684191320823916
0.3993302240973736,-0.4167659250106364
-0.9600277534721912,0.8163155688016802
1.7760951647649585,0.19351038228235073
0.5144664185574228,0.8372902679702023
1.7647375349703116,0.2231687630215189
1.7353649564144713,-0.12384450743149777
-0.3013594973420209,1.260599992125524
0.5165025564712453,0.9418429044154728
0.30431805733115025,-0.5038486440784697
0.28219440185814465,0.5574076987996097
1.1531032297880026,0.7012161989632915
0.03477158173697938,-0.05383528078687741
-1.1582832076602498,0.0005705346520005483
-0.757568876380793,0.6030890733065559
-0.49975222398778935,0.500446609211231
-0.983601600560742,0.10347867249038062
0.5002668765150904,-0.026858723756095215
-1.00230217640847,0.05928589842073323
0.6300661966738006,0.8794940478472194
0.3812768177339311,1.0783248403977668
1.7874691581743822,-0.2784159416255497
1.1084653552029133,0.20413029755339884
-0.8969360474596002,0.32635395675283163
0.650785069536122,-0.2481670551550247
-0.5688209368409344,0.5467939033545872
-0.7975929476914907,0.7165135341847993
-0.5666961504858506,0.9690974414068783
-0.12422033266797045,0.6146739053039301
-0.8148801536156128,0.6501267452076972
0.6462949180553246,0.10610453927365704
-0.12375236555531177,0.0810866360752267
-0.3679132857033841,1.3290747560961909
1.5455018914365029,-0.5546670379086514
-0.8909236668326325,0.2876959505208709
0.13262614855171515,0.9560360367502858
1.1909930595410927,-0.024887227969939085
1.3469999059428823,-0.7117161611484573
0.6571285141985215,0.4015707699473814
-0.8090253517349222,0.7972792826406152
2.2726541481603366,-0.07392992775831267
0.032882602276542786,-0.03470253128606923
0.45773505199203085,-0.5226046512465025
1.7445340181412248,-0.20765658807412157
0.8908422948250705,0.25458685402824976
0.6673645737430163,0.7275823160796653
-0.4222192309758952,0.16862333393304504
-0.7647979111292171,0.2886421180600146
1.672261179167029,-0.106954812201768
-0.22564848389481584,1.2113705492214941
0.006024552191681826,-0.305157215694218
0.025906869396909893,-0.050069068839376674
-0.6465551543203734,0.6165344263923764
0.012043108719901885,-0.28775658561515965
-0.7040645663681077,1.009779324183019
0.15607172948014272,0.04966890322042691
1.1037627545232926,0.015380659646662721
-0.7872090772051893,0.7574701131588595
0.8762866368490536,0.9616235961915031
1.0421616358224495,0.13335266896076953
1.416354263735518,-0.4847263549452572
1.359991335254824,-0.20870497856358208
-0.04124758321389289,1.0823837906804936
1.360241463960675,-0.2809161595249342
0.3355694458419374,0.9939858845567351
1.5405684632741705,-0.0062905304033957915
1.2142514739925403,0.2488939954628589
1.3725865953175334,-0.2722923887082059
-0.08399969745791877,-0.34459122806512976
0.18062773019294975,-0.514221954859513
1.3310763306538929,-0.28955581751740445
-0.9907678701087795,1.0175499742585927
1.7038281654146592,-0.0008189772752568159
0.5671784509499025,-0.8591521577166108
-0.7967027918810432,0.6415546648084537
1.28188442837705,-0.6501141170788465
1.1099447861243354,0.297052653830956
-0.10066614743839192,0.9327504719306313
-0.31882389057251936,1.1171702832943688
-0.271207978191786,0.026917728168238952
1.178396043116184,0.2315420624411182
0.21813420560861457,0.16910024999294124
1.3465196762021607,-0.38792981868519916
-0.5647364361140662,0.6612083629856017
0.6831337310303034,0.09813979012334927
2.2964485227898845,0.5565235144422085
-0.3228127263425399,0.853547249214528
0.8089538288275033,0.7468796579159016
-1.2602105122030665,0.6535478212821674
0.34510644617726277,-0.09323253380159521
-0.7128108125748138,0.7849616231886523
0.6774917187505907,0.18713697044912647
-0.1436960177329827,1.0371364893551855
-0.8045095765078856,0.11797817929808037
0.1495144223928561,0.06801563532201847
0.18733890614073795,-0.42045045020022775
1.4616308074076114,-0.5110181126828377
-0.013237866082328686,1.2202285933866799
-0.9011407668364835,0.3673091497857709
0.6074812098381747,0.6772964395473939
-1.046019635802992,0.8075178138000175
0.5591348171477222,0.21309631099697246
-0.9075258584351737,0.6389724333696504
1.8434765350579332,0.17209316580458306
0.7967681320341734,0.404573154992626
-0.3124689655172749,0.20163974439582621
0.6259910287445595,0.8554829437943787
0.7784017391472102,0.6211601081565158
0.8155013303146944,-0.445701113834682
-0.4568510647609415,0.6906986987122229
1.5972800763510528,-0.1528454015470705
1.158201557512889,0.1134235908801445
-0.36754088467106427,0.8666101865998511
1.2668882172847635,-0.4221635538206636
0.42913944918195074,0.5291304293186019
2.1549561860976176,0.36319164670249604
0.9891167054920835,-0.8382146031383007
0.2824113490299956,-0.17352617592486114
0.8460551894822976,0.5024652005303861
0.6943611384784111,0.9142504927824943
0.4028232086038716,0.9180018223792462
1.372285288760637,-0.8519939153833792
0.5497189469062573,0.8766031553178357
0.5573867448887857,0.7753890457060779
-0.886702011325548,0.7939970526982694
1.1195695091411548,0.9178945252648316
-0.39112246925940763,1.1265010118969556
0.2724965316675383,0.6863254603100682
0.5234307296197902,0.8727333278595583
2.100087482963816,0.43229752697622276
0.31190139294923247,0.8563777619940172
0.15346841096986633,0.969133084468162
0.5732096225173479,-0.28685512909597766
1.6251936157208433,-0.16686621779637933
-1.1858984599258804,0.44063583426045555
0.5394993827619681,0.3737561097222789
2.1368350108924203,0.3923204388877838
1.0682579037653837,-0.5702655357377355
-0.49334391893559093,0.5875781313567159
1.5710698482222323,-0.1381487471916027
-0.9370731546223658,-0.00906229718439
1.1092551381253113,-0.5983881247235195
1.8354710807258279,-0.09968245300758063
-1.0209536065328226,0.8882146000235861
-0.06477679160330124,-0.2244358930875568
1.4799921149212143,-0.3750632769954746
-0.6677464377350305,0.7199626049534634
1.7310462908726276,0.5391201733871099
-1.117050453244547,0.311848355558702
0.7240869787323694,0.5800113686766942
0.5070994062106808,-0.3431961979162349
1.7444261664066794,-0.19915560886529882
0.2173889968978652,-0.09540268749348357
0.8217667148325725,0.4795200300190592
1.7033333098715606,-0.41343058561655555
0.7565864209798312,0.4637194533055335
0.4376910702952951,0.9197003887299128
0.496193655307945,0.07302427564451347
-0.2788022805504458,0.08744689956616214
-0.5825600215022617,0.6529770925586711
0.3795314481647603,0.904103355976083
1.4657528058821587,-0.24046621818635172
0.021261074493863125,-0.01815393971304402
1.2298836281568313,0.056374781628926826
-0.7182337226578674,0.3769047040575893
1.099763994962883,-0.41636610244276556
0.14671042043491592,1.112272846489666
-0.49006507654950593,0.5380867279252346
0.2881833163869557,-0.6364386305915416
1.323881850035924,-0.6556512848901987
0.126860996386482,0.8669731227289589
0.9127457567831198,0.5180061743562955
0.9230519310977452,-0.5505946719910708
1.246539083541141,-0.5372314650922783
1.9682820433406036,0.1818076656228521
0.9301139354754708,0.19519005081301666
0.6720642441289368,0.3013262477823102
0.9287076126282365,0.4744355096277534
0.8252065905932542,0.7455585206311987
-0.25408301162678093,0.8384859759383818
0.5727531620361036,0.5876097361335648
1.1440510078804924,-0.6364495090991249
-0.6886786795871003,1.0536231134689624
-0.6671311960159422,0.39779639470803624
0.06395766901024633,0.16142982882218992
1.9913696950684274,0.14919771385250907
-1.1154215608068037,0.5201607359466491
-0.1152663860320704,0.9047756566675239
1.2854925502538797,0.6161150773370561
-0.2563929326521149,0.6845747575494519
-0.4670417744950701,0.6060911947519432
1.5546666948250079,-0.2640335139045097
0.6857732776864791,-0.41868859646592177
-0.4597438041067997,0.9458682359872472
0.16022818575198516,0.39184265826577924
-0.1685595822837424,1.3194421636171922
1.2401804084195587,-0.1670482620483159
0.2216028690072014,0.6638829995216585
0.921138473871413,0.37919219892755585
-0.7183229022492286,0.41218632944156197
2.02361265065065,0.365380844727844
-1.1628003335536063,0.34975156460721346
-0.8179767103164604,0.014482750681361567
1.521439120156578,-0.1774982073338972
1.4058834142982537,-0.19942503151729085
-0.9998816240069683,0.3435113225217305
1.5116948550365445,-0.6208386077973889
1.0675904900478732,0.36393158090303246
-0.3066706026294582,0.5380800272519822
-0.00357708780644464,0.8543896092998781
0.567029328743371,0.26008017796243166
0.4356204263315896,0.7527369414995829
0.17438709322331447,1.3632672269017512
1.4472702006181652,-0.2572821276165728
2.329018265471598,0.5704932588366518
0.8287631240561222,0.8380551666692507
-0.9036217353873943,0.6051388694304343
-0.8274002593745226,0.12048225817741613
-0.6420713604963434,1.1464621838123825
0.6534535133160827,-0.14258454139432858
0.4116040233491901,0.00300518777043364
-0.8428045939906922,0.5176268410487112
0.9172631946871712,-0.16061649002278816
0.8240325097683078,-0.4775264742196291
0.14565664810392848,1.0940509835688845
-0.7407460256318715,0.5637699762276608
0.5319874745537229,-0.5577424893920115
0.8240533607260774,0.12694938859526528
0.0016658432029879877,0.753636445662928
1.389822974868492,-0.3633471398170183
0.8406038745418323,-0.1126058900990715
1.4762932974845908,-0.4640560814470005
0.6354771606551758,-0.6224139839498458
0.06413500362001961,0.99644855848918
0.6022315189588776,-0.5741539805454641
-0.2906326459953178,1.2314452575766919
0.745334733242497,0.6122302361854249
0.9144435843632425,0.25340100192841764
1.2744614985887617,-0.09908788926714063
1.674502980413351,0.04264460418796612
0.6681547638674058,0.9437695207217999
1.7291031089876383,0.4522126515872711
-0.1419697846147665,-0.3698145277025567
-0.16140859071970404,0.6804244453614292
-0.21615698577758713,0.2049159717621451
-0.4148218878522526,0.7118290369294058
1.6458013324695289,0.017349387147190892
1.17539429255222,-0.6080657566778218
1.1788083848238717,-0.47284681572639786
-0.445025355790556,0.6114925374318145
1.476826111703746,-0.7479457500153719
-0.32126541868019554,1.1753425900397638
0.6973987219127181,-0.764970913786404
1.3094788890930664,-0.25176088798228735
0.5789724257513872,0.5911391251934279
-1.133302250848892,0.30678652953189917
-0.21090491028692332,1.3621199652602596
0.6134293405015321,-0.2263358112353055
0.360738644288783,0.8796445003410416
-0.8817123130150399,0.4935856891096404
-0.6349956510292762,0.6657980231619217
0.32382161246730745,0.8765400953702293
-0.20123478727826308,0.11770922078271365
1.1421213020959702,0.7894947358807896
0.10666133173795932,0.7091993144706983
-1.0145054858435651,0.3421674335519601
-0.594273525964574,0.7841044370275867
1.8241339567592698,0.24558945017134698
0.46597769866837013,0.8332556752598943
1.7605408123086186,-0.02147693023868162
0.6012332446966764,-0.3100066167420623
0.5585524602373142,0.355787780623753
0.4314403418174829,-0.736194596394898
0.5716634837754838,0.5838489283105937
1.1275079805971089,0.48658431234276517
0.9891158053019546,0.07242368079861039
1.3533912411752622,-0.4720494187478612
0.811974028630273,-0.7400514472044215
0.2866563347289652,-0.3187117288377766
0.17397199005604447,0.5560576877186176
1.8793213883488393,0.4942662560493243
0.08020781760992943,0.17798203221695222
0.311309663290939,-0.035373258558711845
1.6525085869632736,0.26949099657857806
1.4052427114108927,-0.6480876754354371
-1.15027224110264,0.02112652656128622
0.7855878231404367,-0.6040541506534426
1.0382794554562367,0.2867340401623848
1.2037489387168685,-0.7328402423505905
0.8923301016054858,0.4660120173285911
0.24457407197474607,0.041369209351111325
2.176049337168829,0.3336992067198433
-0.09442740385578192,1.223857224768331
0.2751454304527833,1.2560083719630548
0.3747285211663172,0.16798052359091892
1.455725462706253,-0.37279079138759796
0.3073893962236329,-0.2971152312143014
1.4155591032475536,-0.41969397941334274
1.7815233355934308,0.017574414510998282
1.421660480203068,-0.10045115357952668
1.6712577145170484,0.5631834836641769
0.46364027204741143,-0.48822481183473654
0.01826249438213856,0.9715657664157042
0.3373133289927426,0.7862782183786079
-0.05013184722034242,1.19680716167714
-0.003651556679902801,-0.001719108226531707
1.7102099179776622,-0.22347194960068678
0.09919292946050018,0.5732093814886743
-0.16417308891865995,0.788901385967972
-0.13790295922931517,0.926776856818949
0.47141934688386605,-0.32539886805251184
0.20647250891052543,1.2975513449187515
-0.4353594682534534,0.9195112583612209
0.532781737450997,-0.33010405754885846
1.8823864379670243,0.5073048250630903
-0.8557035741112329,0.42120993943055784
-1.1036074744021742,0.16894088209106414
-0.11224940437881079,-0.0013284247043175434
0.5951857089396955,0.247563723558066
1.4613627359099275,-0.14435190296205216
-1.3968104292882533,0.14489411762190682
0.691567561647238,-0.34291647631052613
0.6916733768430492,0.10482351214406414
-0.08175539049542527,0.18583692963071893
1.3691117659185001,-0.10143280323857101
-0.9602741180976404,0.7979801742930692
-0.5344751366883098,0.41609631732039953
-0.9078203854595295,0.46727139878374674
-0.3123884649008,0.8894377603688504
-1.0333678389773409,0.2912881400218208
2.097383813030039,-0.019821298495600048
1.9584543005758164,-0.18385953074384379
1.5811568717403095,-0.48889164091442683
1.8029653609514256,-0.4323341226516192
1.360115883197301,-0.5889810257343447
1.0451595857532479,-0.5370483696170665
0.18584709503302754,0.12578112060582913
-0.7295155983985198,0.4934979849925875
0.9851962063105224,-0.7268812320280719
0.6409295348800569,0.8319001424124933
1.1401310104375384,0.21187319325786985
1.026431982685738,0.3479634537518503
1.9948068571599042,0.16041642189373284
0.3456232047120827,1.0614061773078545
0.37742768437801966,-0.0684276749659557
2.089307295926362,0.25236620641283514
-0.6619185572961883,0.2429766391556948
1.209944744625555,-0.6868901795487443
1.0740435796296561,0.23016373618109098
1.913981632124678,-0.2646322544092778
1.0285340586780327,0.4531259706968197
1.698568900646241,-0.46680560405210164
1.9988358972486666,0.44646555226444523
0.8505414755378751,0.4289112551958142
0.3436671840716402,1.3478609714098828
1.2482787905477484,-0.21383428490624684
0.17813408887515186,0.9334319787799845
1.9486859188143497,-0.5623569429710519
1.8697638325785118,0.4959545534671847
1.3966488839543665,-0.4286165287736865
0.9538714458742006,0.2140209314400971
1.293382253441726,-0.0741045325277146
1.1121443861329599,0.4643454128879619
-0.690096465812899,0.3121929136841242
-0.33575742712806067,0.6743182434467616
0.49208199525573143,-0.3890952548816082
-0.7925744962983667,0.4164726252296101
-1.4248117761873722,0.2623180394896598
-0.14529300731512998,0.5503955610459929
-0.28681480869542486,1.1429675838396072
0.6975471211271422,1.2480987552721348
0.3944162935897546,-0.391099918441194
0.5641399078557425,-0.6606418714954645
1.339461562552043,-0.36567864199897865
0.9500972451874048,-0.5426200163573403
1.7550176015729075,-0.5376781888504457
-0.7673854492401782,0.7869127482670838
1.34874573756572,-0.2653960731099406
0.02488122863278342,0.48291396285347665
1.8188259464154513,0.11955147603347577
0.11766606887008313,-0.5417108110043011
0.3909028402937049,-0.2642300995018352
2.0277708087169697,0.3645086465596745
2.0486621698310445,0.3804219009466952
1.7818250288923232,0.06095294114936706
0.4317315097438519,0.6683504488028243
-0.9438787092699248,0.6512150219161137
1.1126312168725132,0.6224375264617634
-0.8562674580271346,0.5828755890726913
0.6991930440158712,-0.583987302614955
-0.4166516444516076,0.9213063443086422
-1.0925748985091799,0.14841856309535575
0.3681969380348513,0.11843715142270414
0.4838879879234259,1.0084179523746142
1.5519818653429351,-0.33606050613905636
-0.46972521884038376,0.9054583178389859
0.5829830536869812,0.28440934935967066
-0.035714142911441316,1.2889707147607798
1.8443040376678848,-0.0795924373372156
0.0064668329511494566,-0.3849001796520709
-0.49671583503580263,0.47975761133617567
0.6045129598247238,-0.7813191838834721
-0.050255862923647004,0.06108356394617758
0.48186906779052796,-0.4167983841542445
-0.23048790523458423,0.959935522444729
2.0521015153753157,0.33470531656804153
2.240568422780689,-0.04097737566592391
0.7216541240848799,0.6510152208807767
-0.646371880238098,0.7131026093314684
0.8014241451450168,-0.9707690780868654
0.9062562733771728,0.4600112626790193
-0.7724741106201902,0.700109641936109
-0.14638001521889948,0.06588775985118325
0.9951332249992922,-0.2770661511933498
0.06186884633013733,1.0130960999131726
0.8305614487330151,0.008011098019588936
0.6485257396001094,0.039718888653769914
0.6041981488308824,0.8631812734906248
1.4216781654900115,-0.2965822798947978
0.8643895635310583,-0.2971564669861362
1.135074702944965,-0.31713813816041336
0.9615166246562847,0.3758183565924992
0.4787017249948031,0.760006774563018
0.7036160229603526,0.10687036961638346
-0.2614433304467026,1.326956817599219
0.7592213249254551,0.8945789334821592
1.0621287930963488,-0.33119744443223587
0.00781820453458346,0.4074796787988466
0.4502717151945379,1.127832640226258
1.5285174851740322,-0.11406391598853782
1.4281601828230959,-0.7653511253696376
-0.20525875839305596,0.7111842842686313
0.446162685269208,-0.07740445302557074
-1.110780021579185,0.14099174305060347
0.4659060234578279,-0.10801266540337817
-0.8608679141959605,0.454058161129531
1.556718303790427,-0.3095478858089246
0.010734724696873109,1.233061085674724
-0.7904163573863925,0.28042732297206036
-0.7805793890028395,0.5668914193481261
-0.12950926133150648,0.3015451072595331
-0.9047549533263921,0.700926457972187
0.3175130537014718,1.1459040903379143
0.36966175706839133,-0.2024515016626522
0.7517866437460663,0.9229231630528515
1.7262236390128767,-0.3910214756276512
-1.1518479818647478,0.6429111158474525
1.1909321509937503,0.452622777068245
1.9425044720469342,0.11766180256838082
1.6264125524547441,0.07348821176621323
0.062171289071795366,0.399420135874727
0.814347434625896,0.6826588617816236
0.5206572336285924,-0.38343626135737374
0.4178436172478944,0.9650589974065739
0.9029140273734975,-0.3514627379264214
-0.962129938198938,0.03695943720552546
0.2808752506229756,-0.4136271825828529
-0.11847500033037006,-0.38868652623461797
0.9072779121434366,0.19907687533723345
2.087431366577763,-0.3018443510941534
0.865794086689724,0.384488857740645
1.5913665588078933,-0.28516868324073974
1.936811773633237,0.2538120903775093
1.0056382358489615,-0.626743570049165
0.3359133223850149,1.0696028262606903
1.6415653298049186,0.05479381600877177
1.0411974062983993,-0.7284368880575878
-0.3339683694418912,0.13496968389751507
1.0200609630340016,0.2450009552125606
-0.1877552792865868,0.9349222358868673
0.8907558658548155,-0.5652141881893211
0.8269342658294284,-0.02286082722647978
-0.04953307490858953,0.14909407068589808
0.15999556764064612,1.2174558179946007
-0.720460734114206,0.8134780412183502
0.9285505917484467,0.5744089795373521
0.19923292826327202,-0.1769166942041934
0.07694740182993859,0.9506463383285467
0.10736619219076962,-0.04766900248669875
-0.1772997419783629,1.1772473023360894
-1.2193990598279352,0.22052740724575967
1.1078068139015937,-0.7886033862288968
0.5366639897640815,-0.5144961825524776
-0.8310512106133214,0.17722582361498765
0.1337591974395903,-0.31652470089703744
0.07137454476295876,0.9502285676192
-0.5590315115361562,0.8252177380078186
-0.4186249631459401,0.06400336043435578
0.5708412020331197,0.8312051859785422
1.6831809806387423,-0.06478628281966614
-0.6087889028845653,1.2202627823516492
-0.9043547560523646,0.532069806412764
-0.6057934339073892,0.48449780921216734
0.8658304272611523,-0.4738917401408457
0.38771196352620485,0.9816764765580273
-1.3240020795829053,0.7571649837739675
0.8125776193894152,0.4109071480560597
-0.5456877055689877,0.8932987564153407
0.8452612989065205,0.495945076610381
0.5688837812536923,-0.35896444587912046
-0.25185829274096294,0.9060360814174102
1.7596277547443686,-0.2694158421414846
0.6045758672723844,0.6752793627850348
0.4293339991200408,-0.1502042624651838
-0.015610577342166677,0.8062432218303835
-0.4687677744434627,0.40503283576243104
-0.8501060012418374,0.2507177829482294
-0.6617260590287839,0.9579038954352089
1.756793167297654,0.41357403587994734
1.0231465002214921,0.6227908675962167
0.9128944395002034,-0.2652761214896802
-0.5008232582400316,0.5298573577244036
-0.10368699212669208,0.6949931012389275
0.9734953589768013,0.328864121422204
1.887813371776655,0.2802370277152236
0.8548074192427108,-0.5013718517675547
-0.27973381738319025,0.8318579722944677
1.9007286654364273,0.411160281715049
1.806686605769949,0.9752197584636021
1.6244944722619414,0.03240504035100811
0.25730082274218646,0.6117305104381722
1.9616014036103477,-0.0640602433307631
0.9388742119341786,0.532863062979584
0.9946762005680014,0.25478129842067354
1.4512752849343722,-0.10641553386174973
1.1075702113519421,-0.2113264480740037
0.5589537330139398,-0.5094683531977802
1.6480307708405677,0.07248970227136584
-0.9223330475874149,-0.08385587626445605
-0.5225011495079417,0.6690176183227334
1.8690867291029103,0.13779639501823462
2.2415770297746747,0.4728686386968861
0.8616174178493627,-0.5300541981261968
-1.176903872876164,0.09570443969112513
0.02595560874223138,0.4327294157342444
1.6996894053033638,0.22704217802511795
0.2384688292969439,0.3718060377268374
1.6515652693598448,0.17982946969895583
0.884049746670408,-0.5750697869969474
0.7702498799133624,-0.7060049677128022
1.8533427344595002,0.00254744532268001
-1.045633447620921,0.11918954908318977
0.3237454651231579,-0.12461701075616466
0.654295901979049,0.27846482238114445
1.1783841916917022,-0.3959609518478537
-0.4939177492445067,0.8755506006894681
1.0164122556344006,0.1784612665833678
0.0980814582538992,0.5383710100929565
1.143488920189742,-0.31782831421773716
0.6427370672524786,-0.24769832166142175
0.8214015152014746,0.6978565039692664
0.6232515894757773,-0.6090324207384857
0.06574517099954341,0.2187686331714329
0.2051734375583717,0.8875708598361727
0.4719066598043385,-0.4242346816157319
1.2907265400578778,0.054877579699221864
-0.9706374172506063,0.4335903543670859
-0.41678352134706415,0.6534000639496639
0.19410088143286391,0.2614535350359749
0.06368828141060703,0.24461643644777348
1.8955935423562678,-0.2702809755466491
2.4209038464955945,0.5011619228170251
0.25303318446030015,0.7295026154845439
0.8186676373656859,0.6145565953103527
0.23113821251580535,-0.3051809295010375
0.7113943766011859,-0.840857904409318
0.22294166957328443,0.7684701643384614
2.12014927239308,0.5690032403402858
-0.1458310696073873,0.3356898659285624
0.8692138373505677,-0.1243431474046365
0.624390117230169,-0.29358482198289104
0.7028967388437504,1.1329461313893185
1.991177534765175,0.27246988079971646
-0.7414064793616071,0.8463541051431835
0.9255773105578607,0.63034254775032
1.8032040621703356,0.0959350776792744
0.4244450930746773,-0.18440365419900817
0.7875849391932064,-0.19483000558100094
0.6126094600382206,-0.07931172795144409
-1.311093896001207,0.326398148071005
0.09677492046125685,-0.08450225795251709
-0.6348960804400462,0.7178051607291345
0.20570075492514714,1.0223055795841935
2.31048995303811,0.5293520746812391
1.4891100898173177,-0.11658314367845592
1.4514208345873179,-0.29695372888103366
2.054501839648224,0.25982413160212803
1.2512281940432506,0.17956980868099928
1.9143574700766488,0.5424779710492357
-1.0242960114768802,0.6393911415889668
0.5035566651956908,1.2027951269441663
0.7330618755164009,0.487935503684332
-0.6092559844820455,0.68410101923295
-1.109664170842434,0.47249258604017647
-0.0014525366370287604,0.1613243001838677
1.7772177556371396,-0.10655683152853967
1.0555603685778001,-0.7524367962972536
0.6356595184254854,0.05512089699900552
0.10653994427332941,1.101835398309598
0.9284777693021933,0.1502063494195961
1.7707086686960847,0.3276088206655203
-0.12322418976297295,0.5662834903058344
1.0662376024425748,-0.5681885447903628
0.41272955006942225,0.9801117760811418
0.3228323763165425,-0.24561623145338896
0.7132319340697721,-0.04688755343065379
-0.4254402970002499,0.7409740799030486
0.6876383521920357,0.27910015621774353
-0.2759762093892683,-0.2224205208022112
1.864369379303101,-0.10767140436060846
2.00845663749258,0.7344887189391713
0.9896243211024686,0.7342695625863611
0.29383764881537977,1.1545762378976632
0.39333568461752644,0.06718620978499242
-0.04188743530600737,0.15437091197781297
0.0121606599582695,0.43918283924663426
-0.7533483185159584,0.027923260350545348
0.9007003956389186,-0.5942439383299192
0.4887522107725939,-0.4111578517360496
1.1669695215680616,0.1124818795078091
-0.5443181202466142,0.6406379209738552
-0.2691334910709496,1.162961727541214
0.6971434630615685,1.028982329218385
0.7101667582412995,-0.566032986064405
0.2590594261077672,1.2073751273699693
1.8936116159464593,-0.28568088153652454
1.867377033121236,-0.15420451526232992
-0.26831376502295284,0.5965659718995227
1.6927049213679728,-0.4144561514519089
0.880171994402005,-0.15017816683671495
1.1210418235204838,0.027592070614816833
0.36645610359465536,0.4882022085548402
1.5019120091188585,0.4617831349696582
0.47185036459727636,-0.4004796415034442
1.3178489643580744,-0.37305398273580054
0.001706476383958322,0.649189083966365
0.48370872292624,0.31270679514809546
2.0114347911685395,0.06836691219437063
0.47397433009456125,-0.42470016693833357
0.6765691687019891,0.7722086496361505
-1.2203375796260394,0.812292176864459
1.274510959622799,-0.1472316803182258
0.5049993735013912,-0.16174619394735834
1.7570993310753462,0.08887514524191292
-1.1518956109769,0.47498369884684577
0.2559011526874181,-0.012550844464891159
1.6598401824090483,-0.045841587874097034
-0.4739877324338896,0.7725846226012533
-0.6660044128969007,0.9661132267519145
1.8607769575032633,0.3682572585987184
0.3283561538644166,-0.16462560243541485
0.6683816232801346,0.7628013415889612
2.1153843479881447,0.3596262233453162
0.352403653655597,-0.10589284572345115
0.74954342530377,0.8368735127755658
0.1708796282712731,1.0627516723268917
0.37488201633640406,0.675681634612694
-0.6508950700962424,0.9449187482901718
-1.0087310050538285,0.2989837862846872
-1.000403382882701,0.5895036374801561
0.9343387504958979,0.8560432128484488
0.117448937470741,0.1773884297493207
-1.1001853728125899,0.2489616435542696
1.0145961786532451,-0.3946134774679526
-1.1472178978486585,0.36267062989596865
1.0230321005923626,-0.36519835467091755
0.7938716350132882,0.34937728505081816
0.5006716916139489,1.0966323428053841
-1.0451000919217237,0.6211737411517699
0.3983911935448853,-0.4166610137976099
1.474822813071752,-0.3263794372775257
-0.09592029391557044,1.221959328596834
0.9885099216912979,0.32338439903005833
1.723970350127286,0.2305005081781283
-0.9823909288330832,0.8408924006592995
1.1690776760362631,-0.5671234739628774
0.4800152816253148,-0.38749376149264697
0.961334225813801,0.4712612350813802
0.7754751214007133,0.6779422896127675
1.3718968088557622,-0.09353857678009457
0.6146396569946202,0.5635143471135964
0.2006221279998901,0.3894755928081467
1.6959669223083642,-0.05765872417141188
-0.7163782799750342,0.7271293941496962
-0.5784546666492068,0.6062162575096974
-0.13068187450127944,0.9190033600255404
1.594123547064211,0.261414479008382
0.20004098424913708,1.2880649485136735
1.3418011504805898,-0.44203183889383046
0.395431256266078,1.0371062428851294
1.2890812004886871,-0.43864596290187413
0.226682357565547,-0.11515232944382947
1.0684118723468825,-0.6013984561348733
0.6949005047657801,0.631842142928013
1.2178201879610977,0.15232177530439528
-1.0838009882799886,0.2320519728504702
0.40660126195489527,1.0412272269223704
1.1307952074572993,-0.005486964739928643
0.8501523301802616,0.3040187401804066
0.6666036397442687,-0.4353474898221938
1.324115402581669,-0.28617325757108897
-0.9921001582203435,-0.044538539093457424
0.8185575802786141,0.42950143502253063
1.7115594171931696,-0.5546071503048369
0.758555470136327,0.10561324500321878
2.0865153201104882,0.23878701254970025
0.6099716312344413,0.909147271387326
0.8973806088937745,0.7088505334169849
1.691094411092886,-0.5809675281387667
-0.4591071918184825,1.0669155349128856
-0.4627578005776447,0.5831118501795555
1.1578449993175959,-0.5331797385036716
-0.6931373283923561,0.6816511244045276
-0.0072950177655036474,1.1753733749689992
0.7289379613209819,0.9830974868401867
-0.31424287334355816,0.6322383754690212
0.21255255234687037,0.9397364665165224
-0.9199588062588765,0.2636374099561146
0.608883982661949,-0.3530236451986484
0.060079985032079286,1.437728637604673
0.21723032356982463,0.3506753559942049
0.5077185841993216,0.17054160421903697
0.14591054502653145,0.29831011355802584
-0.7909740966415107,0.44497351899593357
1.5812511687329698,-0.6105100003576458
1.2122442270613227,-0.4660477885158921
-0.973556007587266,0.16417488275963601
-0.5545031855704985,0.573857410134386
-0.2407649677216422,1.080806071700522
0.6707411528785998,-0.41013490666401514
0.7132558167665217,0.3435397529350327
1.5514835658462798,-0.13529572981337668
1.5075154489119242,0.24331634318391443
0.8842930238850459,-0.5406383431128557
0.42779019606075486,0.07304649455338952
0.24966933220141932,0.7131297643185038
2.301924256866005,0.5188642710855069
0.5670697327841325,-0.2848625078953092
0.2877532867350232,1.2770537012793635
0.15482566041234286,-0.42634228405641905
2.2876644421500907,0.5596395590912283
2.108136412292572,-0.09105192917069876
1.6752413067536984,0.10139892927705518
1.432128216194007,-0.19323056949656858
0.6735191220680378,-0.4350441135411994
-1.2292013517902771,0.36743661097709
0.26668524400094595,0.6930173067034884
1.1915377348362188,-0.3853146395779925
0.6348257766062931,-0.447306443417683
1.664977713852806,-0.48511293371672765
0.2952647443864368,0.05480815543457543
-0.28955670734948685,0.48179265302952584
0.3469783488893808,-0.5622020053633997
0.11951482078756742,1.2696927490452257
0.9592020011741558,-0.5067941451955191
0.7507986705521111,0.9579089098301476
0.4607635143973535,1.1058858807750624
0.5037986624031767,-0.2599530564275164
0.5138723729744377,-0.1932258983287496
0.15560244374349463,0.30122156998817806
0.9485294066121108,0.6353624097044701
0.32021102142141117,0.17439040530824823
-0.6215221599612077,0.6823059707718233
1.1834882740524875,-0.3621958674446907
0.46386412343660643,0.4904392579567992
0.03299823175413724,-0.31967962567148156
2.051727258801096,-0.32850419407885906
-0.8932664870761604,0.5060649255323987
-0.004628182953256621,0.27953194759421546
-0.7174914999743369,1.013196614769052
0.4062110841089772,-0.7413101997186949
0.5366818643778163,-0.30994684314730514
-0.8114524460234503,0.709088713428216
0.18048410560301348,0.014222545209037207
-0.10254516404814196,0.02704700761532597
-0.0504691452863818,1.1551024110355852
1.7567911940063548,-0.5224282160126358
1.4780205797013704,-0.23431364449531858
0.6170784523913171,0.653308456040469
0.1895080913894585,1.0356225001913815
0.5317906369080524,0.7504854996228052
0.5372019288178035,0.73618330705799
0.6887765889804973,0.7896473442978931
0.5164297199912855,-0.11608649726404532
-0.10126821996429644,1.1659884937861542
0.5494868811110869,0.5236308825239251
-0.6199072784059395,0.9661021947365968
1.7207353614013763,-0.10423855992822469
0.6451489853663401,0.6018746997842843
0.6724272834083516,0.9777698378682992
2.2790714792802755,0.2151712977981303
1.1131019392689592,-0.5491517946421414
0.49076368371796125,0.46468482035681447
-0.4142708572252517,1.4012998121192954
2.1831440061251497,-0.021519244863360557
0.1548289352251299,1.1725449664222478
1.4892564981540677,-0.3208985082093905
0.9355524934442057,0.8604032651669427
-0.6438326773097482,0.47636484363074594
0.3255516160124235,0.3396378754235086
0.07520881998238726,0.747058192675436
-0.8181313977296508,0.36819744066904225
1.5238050289098122,-0.03539268514895705
1.0248268929249815,-0.674122271762456
1.0323434750820089,0.0953029832075246
0.7018082617309284,-0.40245027118639815
0.8392311955518517,-0.17569874228329554
0.462258702557721,0.7296111681062618
2.169585926276097,0.7576278223733766
-0.011639983870064888,0.4845956340402032
1.9663312155799415,0.4237788597106036
0.19656751186278765,0.8906534472113362
0.5716236150543238,-0.6157577888866681
0.33375557324362637,-0.2022718506368229
-0.45100573793785204,0.761370915385627
-0.44977244025417407,1.0040502507360494
-0.9335775824638044,0.020953846826243933
1.6966363915754799,-0.01954412907223818
0.6094203252859594,-0.28181687208634815
1.1348405951648564,0.3527164128080743
2.4435708019865996,-0.022394253294351074
2.0943094849956516,0.17421297662249152
2.228228492128583,0.4268837590200325
1.878685070777716,0.3506094222224061
-0.15549188724112672,0.05876727788621372
-0.8970267843878702,0.3972405392090066
0.00932955267198985,0.5675099037052836
0.49110414931998236,0.8428269095264709
1.96285420823831,0.18202528735522083
0.5829240303009275,0.6370692022761614
0.7586020749702652,0.678213522032702
0.34902340866138626,0.6824476318837579
-0.5693263009078153,0.7505059419874335
0.5947048115052638,-0.17067389825156298
-0.38384584756495,0.5979318711324856
0.9048148072048959,0.30112356136842816
0.5999600499133054,-0.1802250842307166
1.7064066691431128,-0.4947813582024102
1.133542054160872,0.5887475132718725
-1.1857089108489947,0.00957721818920046
-0.3491229304037602,0.5132430083437987
1.7578821317181996,0.2020963190019878
1.7177800986408132,-0.1473523977569387
-1.0571833464275273,-0.03880976103315026
0.6806921128267103,0.226420094411196
-1.2067654644771002,0.5971004867968378
-0.1937169938208943,0.19170003966484903
2.1537216194009705,0.393080880868827
1.75967507869302,0.07656069392195772
0.852264273200224,0.49987107434581934
-0.24053255122849485,0.6025793653681255
1.1829867921086727,-0.5357839080516272
1.90085406435698,0.09473835329253055
0.742278483986752,0.0910130790264018
0.022093675124059797,0.8297128039427839
1.3653444213348789,-0.009438335277612842
0.09256265928301213,-0.5274354370856644
-0.2291970249400635,-0.2999617157513778
1.9453762873367284,0.6356016837513979
0.5917112730002874,-0.394985858135887
0.7766138377188831,0.4560681748636462
0.5264319224482368,-0.01650890597958793
0.5667798787582993,0.9629639652247313
-0.8206075058395765,0.567676896576981
0.9371894079474437,0.7218530143071559
1.3985807902475675,-0.315863328335527
0.4883815042041804,0.813862419975141
-1.1169443160272385,0.019973257755988516
1.2111373718474747,-0.46711835066266033
-0.007839941099647453,0.29312532409426756
0.1754437236524104,-0.34662244441720713
-0.7211707950928529,0.7940966219678501
0.049618478101626576,1.3502014558859379
1.6640720459152847,-0.06511371107624056
0.8253482751975135,-0.14233657164936292
1.839433945361952,0.7303983696946224
0.6380299746618215,-0.32498836308989165
-0.21324698272229273,0.8824600724296732
-0.3080770717369659,0.7737296548846048
-0.8094812638957343,0.6707096536458628
0.27602679885683407,-0.05819825169046172
-0.02894648256451951,-0.0006949659478802384
0.2673689941803558,-0.08235278096549835
1.4679302009234239,-0.6523915647396559
0.012547483881872934,0.7386793487416516
1.543987853541285,-0.21702341581820095
0.44025131776208754,0.27649222842040533
0.8329259516258019,0.5068296552945378
-0.768830466697513,0.32858231018239126
-0.47028005624582997,0.8539285822844609
-0.7673790455646405,1.1721334193812096
0.12111974407651567,0.31165123516275495
-1.1687405741617674,-0.1135951826244927
1.906064171596268,0.519513118550476
0.5070993455051618,0.11524320340824029
1.7614655621148994,0.25308220292792094
-1.1081283068370134,0.6515175653806374
0.4903409764356762,0.7793484227710799
1.2615406313837436,-0.6221059469290705
0.4333530042845768,1.3941291192371186
1.4752017960530996,-0.49855549679991923
-0.4835716878797596,0.7517786140501898
0.8317064919385944,-0.23783861839600445
0.7971172675924493,-0.14580197059857808
1.0472506890691058,-0.34051445326330065
0.22160680400664304,0.8784022318480654
-0.6895594486930703,0.787786790729778
0.9230273718673006,0.21784932239504984
2.192500799350715,0.6031248876224578
1.1770778115988088,-0.4933599198146845
-0.6955598301385427,0.553528228885494
1.1870111678071307,-0.37676880634605925
1.9830323665219327,-0.12302443105811012
1.328184141818997,-0.39093039521648476
1.6260691720446916,0.21073302029931068
0.0561810143156685,1.3151978286420851
0.619576001498122,0.41174340439286083
-1.2392094892569978,0.2891321446675984
1.3445044059778866,0.423099609390591
2.176370714603706,0.2992195712828565
-0.8122611402981755,1.0109176771374586
1.7050073494211522,-0.24024364549324748
0.039323201468182224,0.14317964643920267
-0.056845927757165626,0.7938819608730111
-0.01806319063525856,1.0708522538153284
0.22053589705131676,-0.46344050269740616
0.7721691009471431,0.6206842608577673
0.8414569615521716,-0.6262714293225454
1.927930177231346,-0.24211260944866414
-0.6877592728092636,0.8245823541535853
2.154758172276761,0.6456386935738945
1.3957040442606439,-0.6466846888323879
-0.20696359929265595,0.8371074770374183
0.7927387379294661,-0.3704571342715315
-0.48422924321249616,1.099516202775783
0.7739884699457686,0.9328345730380683
0.11051744445327522,-0.37149467361780875
-0.07215545130216067,0.2248526518005589
2.0436736833844362,0.2234544425585026
-0.3148985546716031,0.9374839285653753
1.145063721794321,0.0733713344415271
0.5626602573887415,0.5808023754618423
0.37349535434196346,-0.5493773663519421
1.901878003655305,0.23395831930913266
1.517879375015485,-0.39363399802416327
0.17721860103842818,0.09888801889064293
0.48876506589879315,0.7594405824785355
0.8203007343855873,0.2468532348922733
-0.014807133147401896,0.05017384186389107
0.003110405847101816,1.2800093075231527
-0.9552558635487138,0.0696193650098335
-0.5119788278618179,0.7714614964375319
1.679583662277624,-0.1491450547074436
0.9893778416106905,0.586154212220028
-0.1870957831913107,1.1597659971017933
0.7877679836993121,-0.6630651830860554
2.207298071343539,-0.6135757063913145
2.0926160459289784,0.3106886121774284
0.8729512129679775,-0.6343382280326006
0.5676516659661729,0.7761232187445659
-0.1939148190487744,0.8389584944108895
0.6258836176667932,0.4235865120543896
0.5621891247057047,0.5020007070391589
0.4145984873143699,0.8848542761805135
-0.39385545100497943,1.2286960159629141
-0.03364522092311356,1.172062609888748
1.763055755421853,0.04864681703663285
-0.3760807795464123,0.6032875652768853
0.8386388963150451,-0.011611737950321388
0.017908176148165783,-0.3073255345058967
1.581685991394324,-0.16211785329293651
-0.7842608069285629,0.2638752283442086
-0.19706797746403668,1.0697350772748524
-0.17283878590178897,0.7261455673441821
0.9690984298379761,0.3733710999376138
-1.1792792155624963,0.4158183643832679
0.1489929600247675,1.096095975981308
1.4240497116903525,-0.3485970696333665
-0.14817440878869634,0.8208255767627952
0.6851956084479675,-0.7072732696727484
1.1904710902483007,-0.5495927480250852
1.1225801505479853,0.08066583204874664
1.9858655974459283,0.12331509738870747
0.036773170062526096,-0.024336430717574964
-0.7942971310275952,-0.2663880857122961
-0.4512463710860068,1.0192636328280975
0.25126549762452505,1.3375843120900874
-0.5927973228200283,1.0797720397627466
0.9618287527187699,0.5577638058565321
-0.9119678242598963,0.3451296223558805
2.19386186977585,0.4739726803741573
0.12204561540879127,-0.15959315784658631
1.573223922704501,-0.5125947631210515
-0.06686255996859368,0.17703403240879245
1.69820114296033,-0.4487658593926394
-1.0516707868924482,0.15484680269174028
0.8474339951288488,-0.5810226606133119
0.1826304014193906,1.078336070926882
0.7379536818077543,-0.6632703152554247
-1.041429230209783,0.34648134340762193
1.096490068163209,0.09957237690882675
1.2047647270391777,-0.6290691117124501
0.9683654216244398,0.5935220238640948
0.42853631318130075,0.1681776926538503
0.8532455507419388,0.6538195036963266
0.2516421872700411,-0.3276202467100603
0.385996633105013,0.49475828930873256
0.3328202143691192,-0.15358174504840091
-0.8580896784022263,0.9521374772222104
1.4451467448311228,-0.10523723108283389
1.2333233846763274,-0.5867859048454003
1.319495094243356,-0.7115317745355583
0.8377439607114913,0.23390556155493697
1.9127816601665515,0.09835841464135395
-0.8601886757585142,0.033590985867856055
0.5066606775876323,-0.3550501552392249
0.8017953773723426,0.538320007497597
-0.10764030462797924,0.8708153011998999
1.6936520872585352,0.6389753331937538
0.17812000400900507,0.1586947217860689
0.5728794463135791,-0.4583766595515265
0.6231506750088902,-0.18826070401225004
1.8146974676080403,-0.03477359097814665
1.4561480662675512,-0.5704875983582371
0.8749932341888229,0.24989831670832732
-0.9231215001640063,0.9048129038813011
1.5806536122054202,0.518766656408983
1.6344170211880142,0.1261898420781265
0.7712852234814249,0.6862193502437598
0.16432457338220596,0.44124563919374593
-0.1655869042241489,0.6672743754499888
1.5926121964571551,-0.06792252019383241
0.9645212479439905,-0.6599092283237741
-0.15040176031795668,1.0749714490509745
0.5240780243145613,0.9219293236006907
0.2892807694506853,-0.49929567953457277
0.8951479512413536,0.18733067976193854
1.5352019586449295,-0.0030995620293087778
1.5622417577832493,-0.586695611407092
0.4749345050292596,0.6626605367900769
1.2063303113625836,0.15758335014326302
-0.6189268691017967,1.1381136274479178
-0.9500068611037814,0.2938562424133
0.4373418087088098,-0.24048895903597645
0.0020572053299203023,1.0194912009607373
1.9416567306654728,0.3990502573564275
-0.8904391248895128,-0.16595651638581876
-0.09168291515052227,-0.060261911914513466
0.42159703705815776,1.2153413499499632
0.9059366014316634,-0.4593516444961969
2.074746485346255,0.3426142617310313
-0.09312075111425631,0.703275497820563
0.07608583943603305,0.2628208479353311
1.6624933861593456,0.016303340838730338
0.5362361348755201,-0.5173206696749092
0.36452067125106546,-0.23031724757986816
-0.9695148400621642,0.5497911234595
-0.5297531887720636,0.524482038414531
0.5600968623611975,-0.2860708173287263
0.5770413069241568,-0.35509822259684054
0.9720130945393236,-0.5861001159426406
-0.7313986335533813,0.6296649645840395
1.5432954509213166,-0.19351522557006073
1.7805391813436586,-0.027509036988727642
2.073854211077419,0.22432658751816284
0.8295254590098473,0.7084715328421558
0.6582682464124179,-0.45954440420949244
1.4915987816667056,-0.24944139451935876
1.1441684485979562,-0.9660505731340117
-0.08121541702183903,0.4714966934281327
-0.03373041606122343,0.49278309936983666
-0.9011938285905527,0.435804542668943
-0.8929119118873939,0.6477618469463978
2.0406238727635793,-0.003895885745403699
0.06558468488526441,1.0398011027788212
0.4713038832697007,-0.1920852879110308
1.7687522241137217,-0.484439637266209
-1.1336635848643366,0.013503035071091685
1.5761709591468462,-0.1533880819247157
-0.2509349649869608,1.0252799570942819
0.9389565725287459,0.5199956044760807
0.7455999037042781,0.3667611355469267
0.6146284049534962,-0.4513773360017245
0.7365475528403926,0.6011334913538829
0.7099618278668933,-0.6585594012265736
-1.1638878831590662,0.31339362726191633
1.7517482514207299,-0.12812452169043523
0.6737200464102264,0.10971937449255542
0.05477499327842109,0.13620008523473537
0.28234671720267923,0.7039515628661492
-0.0627649048109941,1.4154091749625026
-0.7028627264736735,0.7564882983987079
0.2815481670850787,0.09184683231772767
-0.3465663697878085,1.1445916947467614
-0.7399938023223819,0.6732986802147721
1.1938875649226135,0.4198696118187889
0.03711298340352823,0.270070783460605
0.9271705238439305,0.8478279034727447
-0.9105802364198667,0.1307954495403742
-0.9581859387964407,0.4654665715872135
1.231808506652216,-0.5547528949923883
1.9487147511786433,0.13181221700981943
-0.5259503318806444,0.1250543359616469
0.3514655099509065,-0.42640668996427633
0.1031945614225805,-0.45218629313270614
2.1388010136447204,-0.022782980091010478
1.2235937895676778,-0.6879789013535358
-0.5418884335491054,0.658550330246689
1.1666328575153289,-0.49606777667445284
1.950686471204592,0.46199852448816225
0.40248569846540805,0.5044246202950777
0.47597006506425976,1.2499506709685524
1.5040727920574188,-0.5074399794135764
0.2431147428341675,0.6790855576957533
0.3235179942169092,-0.003930282606530999
-1.2168928120094302,0.2846328810254823
0.3119346968099538,-0.24549196175373456
1.579011878688539,-0.11451617416829508
1.8990247983383226,-0.31288488979382456
2.3331800238485254,0.007473505909272676
0.2821608401839606,1.0215330872719888
-0.05848447741935808,0.5623045430198785
0.17848413598445861,0.4526962253379899
0.07848856347974197,1.0831122054846747
0.32667750854551353,1.166270171060861
-0.925823741098456,-0.13430982696865237
0.9041081032108705,0.39811778058176894
0.4506659254145905,0.586639001130149
0.9968962270413937,-0.42538851320170357
2.0105734107066446,0.2453749977530196
-0.6496997187077813,0.736525634755147
-1.2036172973279917,0.3415792626039328
1.0145338878885424,-0.7417860673463739
0.7650110853617408,0.2775663263036713
2.116383434330889,0.619402097436328
0.41110263595511354,0.8591503835697384
0.9230881630062211,-0.3230608096568482
1.102511994009764,-0.34819181032225566
0.786345055874772,-0.3029772390455703
2.299610046696525,0.6252692649797451
-0.9710028939797372,-0.1782456799363718
1.7265898768096937,-0.11855426407269722
1.5977094614957774,-0.24208276214189367
-0.9059220433870928,0.8376186885112098
-0.07695492973111266,1.0109463591786758
0.09183242260019608,1.2134062940920842
-0.5437934388154698,0.38184482294917554
0.13302668914446958,0.555183905338757
-1.1387693062772732,0.12938459364591684
0.5535823811850795,-0.0621986551866055
2.0734502606519185,0.20562106276095948
0.7019494442502694,0.346818994232512
-0.8324802201317307,-0.0617481699620044
-0.6616952882326592,0.7731596814168964
-0.2885053906906546,0.876077621163691
0.1716545601479217,0.15730237238344494
-0.27107118430458577,0.9843079299656643
-0.8234242400017655,0.4085731026994841
-0.1901038616116454,1.1794082317198882
-1.0967694837396436,0.7392461280572797
0.01759993141096386,1.3441974058960056
1.3301714238803832,0.46286741735089
0.29430526930439893,0.2451143012202186
1.4270992380345642,-0.4685573813084308
1.9509096268034762,0.12221472877812478
-0.005302655908139053,0.9114338924134991
-0.06066160186849663,1.1141748024605682
0.8563604293175039,-0.33568246737957325
0.3544096069643236,0.4911380627258344
1.6291318577720004,-0.1053661845256737
0.7673189926453816,0.26077335575287347
-0.32548662534249184,0.6450137964061372
-1.2482462599854927,0.18869872884757258
0.6489544128163374,1.1242418144580661
1.6760793365531261,0.5213745976958505
-0.10133482451098008,0.12048068098240147
-0.06990928052852158,0.10079480906728705
0.2294231025833765,0.022069645730076193
1.1878987528081273,-0.40078527381715556
0.46450983111450206,0.5826377979976997
-0.9739142504592603,0.4465066316795081
1.068205480994276,-0.6633869637917018
-0.10577038721601914,1.013964293526837
0.4595355060613161,0.8183464640855267
-0.0945101376559695,1.0831479483607256
1.618287918037442,-0.16932328726446227
0.8884935920714703,0.31335589367138594
0.49817838201025344,-0.16627191900204746
0.08338344487258338,0.3314896519404705
1.393938867978011,0.07994245625452423
-0.5123635970302804,0.5230454454144442
-0.3941394754924051,1.0518978737293447
1.462030822318731,-0.1882446038146444
0.4647282975277272,-0.18292464413275433
-0.1178779480543791,0.7155139528429941
0.7495824510073673,-0.4521479768999361
-0.8088967165543395,0.35404515515305746
0.8681060349004053,0.41906046225426963
0.3927596184684042,-0.3213480038976174
0.3544431302634459,-0.2756006249793945
0.10245714120057024,0.8059848190113377
0.9046701968628222,-0.6972483062101598
-0.14386935795520764,0.8669678018495723
-0.06718632760377502,0.23386406947620791
1.1544110098305282,0.1643226794503523
0.3184452611436305,-0.34609106172818543
0.2954148938709074,-0.41481143076808985
1.2664553298996688,-0.3008733337994583
0.6393657522107581,0.5384185326418023
1.3998581399203835,-0.12050285284965184
0.8965897229800113,0.16889339348691199
1.3946684355959775,-0.16470506944199836
-1.2259043976014352,0.5040154241992942
0.5850297749394703,-0.3672395880704432
-0.2561222036389541,0.8871691949454156
-0.9032481913614253,0.11912094045953019
0.9272145838268111,-0.0005862691888939842
2.0524456373936415,0.08997252286294583
-1.0001333355371533,0.46259613269170496
0.37820710999019713,0.9126262307045913
0.057253338143674504,-0.24333983410975576
1.1940297205867303,-0.3933395386536859
0.8032950088504649,0.3183842828268879
-0.08567340342525132,-0.09390180816141583
1.951916310615346,0.28571757201927594
0.5042474562544791,1.0253596812976074
1.6295329791427426,0.21270555870410124
1.0686865969500894,0.18506271543658467
1.3233589673108415,-0.18884123585971463
1.4417287118148703,-0.006451515519932616
0.7482894977040614,0.5293015136651064
-0.6247600906981408,0.7476035065718185
0.6383756363633828,0.5644097013618313
0.8667605322947356,-0.3504469602108052
0.5126259977302612,1.0750053791261773
0.16496155383080405,0.011254510443335336
0.7048419447969261,0.3993735286616573
0.45628105692112475,0.9744388364951453
2.260076827953054,0.32143088890470217
0.654327844004104,-0.07599334772177485
-0.18606194840912862,0.5729314729882513
-0.8659005636728131,0.706937837402822
-1.1000999415799066,0.13642694670250288
1.9793877254946295,0.809983026622299
0.9900914451712611,-0.3030138042721071
0.33784875782732826,1.0502401029354071
0.806413278606401,-0.3860398507431307
1.496238319174482,-0.12148465767623065
-1.1884592736066841,-0.06824849049340144
0.8092007557534546,-0.44164975826334657
1.2504124202734108,-0.4025187637022579
0.20615218378640687,0.3866366103265998
1.914651020421973,-0.05805568787732304
0.40955338320325335,1.1822080077458659
1.31924846534445,-0.5685823347467351
-0.26328559780112865,0.12756900484256534
1.1091824202198688,0.23738650341763973
-0.073131908887936,0.06592220574031599
-0.32221393792027087,0.527399354792842
1.0301857067296953,-0.2772192202016175
0.47179560633154505,0.12843698696566724
0.9183913127551699,0.5278455521859178
-0.1637268439948975,1.31146311533514
-0.8733999053803863,0.41678876756570504
-0.36707777749998854,0.44860875643892373
-0.36729960757627506,1.11987687750797
0.7937774424685917,-0.6995289868639443
-0.00930376461758596,0.052346548409190105
0.30843774032193105,0.25445356626770144
1.7888269468424198,0.11717002168403162
1.0286853733236834,-0.31901963939658895
0.9657530197971331,-0.4882516540450881
0.09578875566384731,0.14237940558754958
1.78741450859133,0.4231851947181797
1.3290403655463532,-0.8210721834771784
0.03501939544710009,-0.04598273303336837
0.5700447510854071,-0.11287799185318365
-0.3052259233884201,0.061007163812564214
0.42343524349340417,0.795027643550679
0.6176538290262156,-0.41612479828294113
-0.039857514154702706,0.5066631924305747
1.000523088231159,0.33832306692881997
-0.3747392279922811,0.9346616332297423
0.08895418854682974,-0.18877414112733445
-0.6861349535566844,0.14217060619184702
1.9652860339472178,0.26382882894056675
0.1878487062135086,-0.28425348711100296
1.9337132772692682,0.1387157159480022
1.3345078491569786,-0.4721467275217563
1.9076182736431806,-0.21287743070094367
1.3835718859051762,0.1492719944541689
1.7673929102199273,0.3272726223045048
0.14677421030654414,0.5641667543462291
1.4951352120964667,-0.3695678603201824
0.7215318901421752,-0.49741935704964807
-0.7113888464649903,1.0295039347663226
1.2073548248180195,-0.2232418205012271
0.6449346654273197,1.0969390236218748
-0.026912968103848578,1.0728861371639926
0.6932479897123711,-0.20462320320253688
1.6142795768518883,-0.2997899740938159
0.06660615705679848,-0.0596005409616501
-0.1545806122034649,0.8232428408026834
0.7378313089655023,-0.510269723529713
0.10551797456671519,0.20135050968238472
0.2967002323316304,-0.36636860002557453
1.6883581646022945,-0.6352008646733074
2.1388904899541084,0.09927796593048702
0.26135901977468423,-0.16049081475571228
0.920144453596226,-0.5321296226125822
-1.0407090166390434,0.3491042062942411
1.9293276350470767,0.3641174786751422
-0.09789197272003716,0.9185974889790902
1.80162874945438,-0.05058823379714364
-0.29021336776694207,0.20726827476092757
0.35431436097279023,0.08821987928284808
-1.0256861895448215,-0.06002868470375648
0.052423182232015614,0.4096951790610402
0.44380874899353034,0.7819821641246543
0.31731727812448796,0.05384838875641755
1.6416501806448358,0.615544495053221
-0.5367524923242808,1.2891032216294147
-0.1356198283796753,1.062298744758258
0.708774897676987,0.33568534595147764
0.8509032990884118,-0.43316358990120973
0.27588152941245625,0.9471443654732764
-0.3192197145514134,1.1526859842273924
2.0041603722271115,-0.07661050712193954
0.3057506240932433,0.37844482874584023
-0.41709461569421447,1.2043185781684047
1.709028146583779,0.10265400110897335
0.740666011649188,-0.6233881426540315
1.1479763330796677,-0.2651760695352641
-0.7017220311616585,1.166779257332822
1.4908138974139682,0.06222656427950343
0.47996676013994255,-0.5594914343806137
1.0588578443729173,0.2587859195985111
-0.372158147984872,1.0415795313963212
1.827556492787769,0.03812499370697198
1.3912712151292081,-0.11099896561723212
-0.3853653950640288,0.8266634618034064
-0.21327653180238726,0.03853925275404783
0.7189745995336031,0.021830333675187705
1.3980191024506532,0.02719926537853351
0.8536153269682863,-0.7109179829366098
0.03128647729923445,1.184951459980745
0.28603990759295067,-0.4013466452910823
0.5555532767133381,-0.26147231198594356
1.38339926062323,-0.3881245112618115
0.5685462445583797,0.6082563606062779
1.2365364283787077,0.6213953092723485
1.8032734110416868,-0.2459309813989994
1.850380168547765,0.10580006793313254
0.36385206476575294,-0.11791594230161041
-1.4058457088427652,0.0016063157906677783
1.0283806764585723,0.7460604782463118
1.6454445219134872,-0.3515692053157553
1.5996242915109065,-0.37531767734077015
1.2000380408351126,-0.35036158598520506
0.6508071427085166,0.7114668568980203
0.41656666344979454,0.6101223943051117
0.46037694883394753,-0.5532924177364511
1.1273325846087667,0.3977614478860826
0.16032043102078528,0.4871128860976097
-0.4642470084981622,1.1725463023782563
1.9991334977565614,-0.4900163528311493
0.6110365822572472,-0.20832708962642693
-0.09577213628845038,1.2748699524416451
1.307186765717214,-0.33441022853096947
-0.8129336394213185,0.191796419948554
1.8467363451456145,-0.008440786007186896
-0.9717077494457235,0.017343714945402728
1.0067315067582285,0.26196029883069866
0.3916641401556622,-0.08607374535098644
1.3225522546739659,-0.5563738509184314
0.7368168506265834,0.1527495280061648
-0.8214615641427002,0.05045483535985956
1.0654404841644647,-0.776814432786825
0.9073713906181113,0.6682043867815269
0.9627948692201035,0.3531209998154228
0.7837020597670442,-0.2157253433003007
-0.38809455012026445,1.0057128830335362
0.1911310786016791,0.10885382315509201
-0.4769484208771759,0.5700825525952405
0.524597683294672,-0.42500353807571384
1.1881743088395367,-0.09367191824770454
1.866705486831841,-0.037049592721770275
-0.15478455508378947,0.9199481649481904
1.194452665484622,0.2060142889534452
0.13342428922798816,-0.3372354536271013
0.6602632814097287,-0.16474446880929905
2.3091883367432997,0.02856778175299926
-0.8232126125563745,0.49277634425803285
-0.49114131245017917,0.873711319790785
0.27888440722617985,-0.3419187274303751
0.2698931846002789,-0.32167169475388924
1.8756939433940785,-0.09536182688715561
0.0428442939252096,0.5852677987388439
-0.34191109519773294,0.8798070392443063
-0.8992444236951807,0.6215786066582057
0.7176135402238351,0.16952795985288366
1.631693737979599,-0.4912177855995685
-0.053383099854272545,1.2248925390802408
-0.609623915837652,1.0434782970984637
1.4872616910481382,-0.5792658619424284
-0.44906315745970704,0.6918040288990708
1.148961927691872,0.1629154612258178
0.49638445346549115,0.5995302902778705
0.16861132177130878,-0.3785803702296268
-0.5097838539199224,1.232498332863846
1.0674571083382376,-0.4270007059177693
-0.73069666727978,0.9672072839741541
-1.003228321857558,0.42411657273481973
0.24703811891993038,0.6694909183375112
1.870827825013608,0.29932631743141636
1.035854143857736,0.3136166386025955
2.135473109798505,0.6015553399061982
0.8656218167982275,0.6714217402729197
0.9682282790030832,-0.4342220291323219
1.2596051363587715,-0.3896159637542636
-0.06203075339122624,0.8713817765510531
0.19245275892363628,-0.16797758221893658
-0.5765752578057927,1.0016200683677932
0.5798596847646271,1.1702953963930125
0.723485794960862,0.5461897489669131
1.6571976520697052,0.05007139185330278
1.4702657971423783,-0.1797169452715579
2.0097275871155293,0.48199367684251115
-0.5632570764304838,0.9410370520962272
2.1759571538251894,0.3053950960148992
-0.41653515728326235,1.0265212215073842
1.1460815972207206,-0.8638007699716789
0.44475035003455576,0.21012554478572237
1.0875257961194393,0.4056461497839018
2.0456655000083983,-0.05982881376077434
0.8389338527736356,-0.013888027054800536
-0.4441126965833769,0.7466002090825358
2.012896843447992,0.3143197067550763
0.32886747731784616,0.01196447165882919
1.9431677548571638,0.33235663382168135
0.6100596762444899,0.4233975961584073
1.9019622648852248,0.8233125850425693
1.4075340697712195,-0.4148618568602427
-0.2671495922408445,1.2810189618396166
-0.45820237005521464,0.7685962225138909
1.3495180605625279,-0.45794955746620103
0.14365670113551032,-0.10451534013995029
1.2166077469716876,-0.4029354903144444
1.1973115857691832,-0.15168904153225485
0.4851143010814801,-0.20622983972179385
0.963964825698391,1.034973497259197
-0.6328980933674369,0.8219615623038631
-0.29861642395820304,0.4479480208919546
1.8587580019367087,-0.14255156593528678
0.8276757924343698,-0.4124960011627264
1.089638203203372,0.10026620044642132
-0.06655376102921451,-0.16681293265633307
-0.8815402687873515,0.48778847107229184
0.11343034122881188,0.01767396849271738
0.5361365859171087,0.8443454190751634
-0.08686415012308837,-0.3539192903640515
0.9044384318000364,0.547719344939545
0.09837965255427855,0.062286056056505126
0.9822611333237734,-0.3929008567043809
0.3195072653974208,-0.010463829711006845
0.8531253868003169,0.7002282804087232
0.3761688671286289,0.12824306728269677
-1.0172702860510485,0.38943778292236925
1.0549678811906136,0.8123044845760926
0.010800034504438727,0.35150495908393703
0.31271513678355034,0.784983671956169
0.41489565034250886,0.6391483379051744
0.47653559357126296,0.08264799637146886
-0.7485030732252431,0.7374211462608824
0.6127374006169402,0.6159356741502717
0.04062507259409773,0.6981509438228395
0.6458172347111614,0.9629487429935722
-0.07148624670625559,-0.2950723018071656
0.618054513630044,-0.28723880254188633
2.0317858879716875,0.579421968700133
1.8088762666231233,-0.09833427258617566
-0.6257016493461015,0.7776803117399105
0.6202812056843854,0.20588241060222018
-0.37833522024506455,0.8699351862733519
0.8482530795740139,-0.7638848890879164
1.13796522092852,-0.3531068746670855
0.4409043102754878,-0.5308527548072505
0.14983384370089553,0.84397722061746
-0.27941324008343227,0.7082811552432962
1.0983792127734908,-0.6129384334608832
-0.7178169625048992,0.47542856417615886
2.19126553294164,0.7708253482058657
-0.34391371252142566,1.1380607321670118
-0.2023903628152685,-0.034149912193356086
0.8548941444081835,-0.4486920457431792
0.879607919985788,-0.34068942102397204
-1.2534842770992216,0.43076177448464
-0.2982396390780435,0.36241329683896895
1.6321094586445994,0.05272697235794993
-0.08479643014472026,0.1437745146382893
0.21641871515241795,-0.18016711972374805
0.6487855031979821,-0.5405269699988964
0.6203639479079662,-0.37570999525065935
0.8131942787502251,-0.1325844561476095
-0.6077609835012813,0.3686616215694435
-0.19433150252504733,0.8809794687264602
1.1880919984708043,-0.6678179810626248
2.23526039670348,0.20164882114932775
0.7034163691026645,-0.4044846277944113
1.814474321955555,-0.01920548731432571
1.0145088158068787,-0.1605769096023716
0.09386523600948571,-0.2118946005129427
-0.985216345227471,-0.17178830971197634
-0.36741144349726984,0.09572859512624882
1.7902107101875042,0.24666386874106316
0.8574730899178956,0.8498665679633004
0.5435774079015537,-0.4478417644310387
-0.6267943863793684,0.6782620485594455
-0.07851815732839729,1.1147946963624102
0.5968092533234352,1.1434400964577336
1.258308789059262,0.33172209543204334
0.8196509557643539,-0.37497941528406786
1.1812821661343471,-0.6145390652887046
2.124236121895454,-0.24839246238995308
-0.6905949518440454,0.8042799518001604
1.169754992930088,-0.6481888032595575
-0.912642928829089,0.0058370716200781825
-0.10083911646614081,0.6929562444898653
-0.5560179928764213,1.0541683503860004
-0.8016829838887944,0.3618032854211966
1.7899890415976716,-0.09075616781194598
0.49840385424973727,0.8148304647675416
0.5640114227893006,-0.29035528105279873
-0.5180426770328947,0.12190241921311423
-1.1547416019080199,0.44443977404937707
0.37134072570678855,0.964540998600277
0.8022486194825691,0.9725841712970705
0.18551293614692996,0.7197289497895896
-0.8790538175290141,0.4796291687898726
-0.1345045186132139,1.0587061058880265
-0.33934996877113444,0.08851017715715806
0.41205070076785816,0.5908901495662104
-0.07071826902541112,0.779876240688396
1.8008082198974846,-0.10377872675083057
-0.03941544226696014,1.175750575249094
0.32881509149250254,1.0986516834136602
-1.005702423500221,0.20539933259083937
-0.6594461643697509,0.6684230457773035
0.4682795659677928,-0.06054368769336432
-0.4953632838506985,1.1923877536612175
0.07719068722053676,-0.3385614177628049
0.8462375808435193,-0.286208562039051
-0.7353047809840458,-0.3005617961729733
-1.1682412337033548,0.3897427584359179
1.2142082178516618,-0.3531958449316975
1.2278192174424505,-0.5033214274459418
2.088424853676868,0.18159114624278733
0.32427089978525725,0.9948273932958869
-0.119139019873025,0.627092806112383
0.11702275725760625,0.9653156793219158
0.26158103163470336,-0.3625496594633771
0.8702119824566982,0.6267476400429095
1.3083870126940096,-0.443727675194048
-0.07148941287242871,0.21058999762582692
0.09651224283019345,-0.17177750650814666
0.429741702591892,0.8844988724834916
0.6399600952211726,0.3877809620406165
0.082585959909491,0.17879244433628214
-0.7424929246008779,0.19392391371252699
0.136207831527251,0.36243237146176127
-0.4424276296005208,0.8518057043194222
-0.7776419904962503,0.592361907140183
-0.06298295871841239,0.9692296588828323
-0.633589055181353,1.2443169472848346
0.6385053040716627,-0.17262816663624914
0.17855832976120972,0.8970214189617204
-0.012826089837918497,1.199065115539746
-0.11892635226904613,1.0147534920304677
1.849985562215851,-0.21602484876957406
-0.6844963897275356,0.9438413945721877
1.576295095942822,-0.1246918901245855
-1.0410294039866999,0.23931144500861537
0.9008145114408624,0.688033800304496
1.7503970312229067,-0.24598911403244028
0.5802199715112981,1.1243689678319269
1.8822274582711254,-0.36514389578929507
-0.8709178890216209,0.4757162292510642
-1.2533001600329576,0.7787148530071464
-0.11627248242813887,0.807060949244397
0.9715804412194193,0.4831688667373816
0.5287777310408434,0.7386435686224107
0.21496158383327865,1.1431176129265677
1.1077482391774252,0.39585256978765304
-0.4863761704532335,0.776202412472019
0.4677119783823343,0.5354218613094028
-0.263652003826086,-0.019662401479128788
0.8878875225180439,0.6967816337727444
0.5623309775219318,0.5394738620027004
0.8485652748896279,-0.3645818808624297
-0.08711423529272738,0.967230267116461
0.8255418156366151,0.7947612782396072
2.3144885698430153,0.40527112617361943
0.994895105374127,-0.004484051589760812
1.385749754095692,0.17647525552694793
1.8650624202824562,-0.3391320690354015
0.5366389694420192,0.3995247047764611
1.2668308659275946,-0.36779036701664714
1.796624038946278,-0.2701509288893291
0.488584971637802,-0.34048137875508455
2.0191799252757425,0.2012664504741023
0.7793534483922899,0.3478058980262473
2.177651652016154,0.012678490074905957
-0.7097895617324184,0.8878634087195737
-0.006564406941776388,1.3165305523119923
0.8092058403147877,0.9370569681306277
0.13391881104767123,0.36298679138370427
1.7241099903087367,-0.03816026243698309
-0.46422303307847446,0.8950067388193065
0.3190260429368631,-0.005889652739715104
0.22580574194862946,-0.05960357801101174
0.6551145534430547,-0.7111106859152645
1.593738770020185,-0.16050548073384796
0.269797256109867,1.0301347116299635
-0.8450458387323577,0.28986571895194274
0.2011545704498969,-0.08786160734954782
-0.29013221295256636,0.3412037750584547
0.7711529640259561,-0.7307440951396289
1.3106744933777845,-0.6423565420514915
0.43831521223405656,0.867885074951955
0.489032197083998,0.7581243557182614
-1.0439813325951202,0.799729502940585
-1.1176868342852886,0.07188764392005938
0.2799351876679066,0.0577089874683588
0.09752650178092065,0.8800447459669907
1.3335197510417212,-0.5807042872798407
0.32763931466893337,1.1795563902234838
-0.07350756678512155,0.7661208640214475
0.17049761800503413,0.011537926079227045
-0.7649805759654638,0.7720025787895077
0.9478965751028909,-0.3448944380519877
2.0159398835664204,-0.18894320813615528
1.976597765070345,0.4322442360208493
0.749775108540201,0.45333617999726045
1.1849088581881213,-0.1961218824290158
0.7323199020670681,0.771962489624979
-0.6421427174493721,0.6781822291128572
0.4950326059294191,-0.5518592872867465
2.1732898851416373,-0.2225689971309902
1.478088091426978,-0.4325546182125847
-0.7913959866739206,0.1146016929121354
0.8932870481555665,-0.06345052958418346
0.07134628824099347,0.9809306092655566
0.9188657047532703,-0.4663186030259367
0.7178193149475064,0.6842923474522631
1.1123922214020519,-0.4610896211197641
1.732510611282256,-0.3384635506163016
1.402923134646273,0.10975904340917701
0.4967944894193046,-0.33290365495943175
1.7480661515875078,0.06265645912178484
1.8453858423156606,0.030949427305869054
0.3921889158285604,0.6456451778413004
1.0702982555140426,-0.37151061274614694
-0.8149930531556628,0.15266938008101597
-0.3325725199969272,1.2159094493221396
-0.7560831124859733,0.42135693846948
-0.6639319512844671,1.1492675810327322
0.3398571423637707,0.6539232818170017
-0.1303658635582493,0.7625791548106929
-1.371195081316918,0.20401049161529017
1.694861665497087,0.03107819366101655
-0.015927652492307875,-0.14528239705228585
0.44179421652010725,-0.3879123027824798
0.2195700259099984,-0.11713003904137576
-1.1476479740379801,0.43356398958115594
